<?xml version="1.0"?>
<!-- AVSS is a Canadian aerospace company commercializing safety technologies for Urban Air Mobility. -->
<!-- AVSS is first commercially available products are parachute recovery systems for commercial drones. -->
<!-- AVSS contact info: -->
<!-- company URL: https://www.avss.co -->
<!-- email contact: josh.boudreau@avss.co thomas.li@avss.co-->
<!-- mavlink messenger ID range: 60050 - 60099,  mavlink command ID range: 60050 - 60099-->
<mavlink>
  <include>common.xml</include>
  <version>1</version>
  <dialect>1</dialect>
  <enums>
    <enum name="MAV_CMD">
      <!-- AVSS specific MAV_CMD_PRS* commands -->
      <entry value="60050" name="MAV_CMD_PRS_SET_ARM" hasLocation="false" isDestination="false">
        <description>AVSS defined command. Set PRS arm statuses.</description>
        <param index="1" label="ARM status">PRS arm statuses</param>
        <param index="2">User defined</param>
        <param index="3">User defined</param>
        <param index="4">User defined</param>
        <param index="5">User defined</param>
        <param index="6">User defined</param>
        <param index="7">User defined</param>
      </entry>
      <entry value="60051" name="MAV_CMD_PRS_GET_ARM" hasLocation="false" isDestination="false">
        <description>AVSS defined command. Gets PRS arm statuses</description>
        <param index="1">User defined</param>
        <param index="2">User defined</param>
        <param index="3">User defined</param>
        <param index="4">User defined</param>
        <param index="5">User defined</param>
        <param index="6">User defined</param>
        <param index="7">User defined</param>
      </entry>
      <entry value="60052" name="MAV_CMD_PRS_GET_BATTERY" hasLocation="false" isDestination="false">
        <description>AVSS defined command.  Get the PRS battery voltage in millivolts</description>
        <param index="1">User defined</param>
        <param index="2">User defined</param>
        <param index="3">User defined</param>
        <param index="4">User defined</param>
        <param index="5">User defined</param>
        <param index="6">User defined</param>
        <param index="7">User defined</param>
      </entry>
      <entry value="60053" name="MAV_CMD_PRS_GET_ERR" hasLocation="false" isDestination="false">
        <description>AVSS defined command. Get the PRS error statuses.</description>
        <param index="1">User defined</param>
        <param index="2">User defined</param>
        <param index="3">User defined</param>
        <param index="4">User defined</param>
        <param index="5">User defined</param>
        <param index="6">User defined</param>
        <param index="7">User defined</param>
      </entry>
      <entry value="60070" name="MAV_CMD_PRS_SET_ARM_ALTI" hasLocation="false" isDestination="false">
        <description>AVSS defined command. Set the ATS arming altitude in meters.</description>
        <param index="1" label="Altitude" units="m">ATS arming altitude</param>
        <param index="2">User defined</param>
        <param index="3">User defined</param>
        <param index="4">User defined</param>
        <param index="5">User defined</param>
        <param index="6">User defined</param>
        <param index="7">User defined</param>
      </entry>
      <entry value="60071" name="MAV_CMD_PRS_GET_ARM_ALTI" hasLocation="false" isDestination="false">
        <description>AVSS defined command. Get the ATS arming altitude in meters.</description>
        <param index="1">User defined</param>
        <param index="2">User defined</param>
        <param index="3">User defined</param>
        <param index="4">User defined</param>
        <param index="5">User defined</param>
        <param index="6">User defined</param>
        <param index="7">User defined</param>
      </entry>
      <entry value="60072" name="MAV_CMD_PRS_SHUTDOWN" hasLocation="false" isDestination="false">
        <description>AVSS defined command. Shuts down the PRS system.</description>
        <param index="1">User defined</param>
        <param index="2">User defined</param>
        <param index="3">User defined</param>
        <param index="4">User defined</param>
        <param index="5">User defined</param>
        <param index="6">User defined</param>
        <param index="7">User defined</param>
      </entry>
      <entry value="60073" name="MAV_CMD_PRS_SET_CHARGE_MV" hasLocation="false" isDestination="false">
        <description>AVSS defined command. Set the threshold to charge from outside in millivolts</description>
        <param index="1" label="Charge Threshold" units="mV">Charge Threshold</param>
        <param index="2">User defined</param>
        <param index="3">User defined</param>
        <param index="4">User defined</param>
        <param index="5">User defined</param>
        <param index="6">User defined</param>
        <param index="7">User defined</param>
      </entry>
      <entry value="60074" name="MAV_CMD_PRS_GET_CHARGE_MV" hasLocation="false" isDestination="false">
        <description>AVSS defined command. Get the threshold to charge from outside in millivolts.</description>
        <param index="1">User defined</param>
        <param index="2">User defined</param>
        <param index="3">User defined</param>
        <param index="4">User defined</param>
        <param index="5">User defined</param>
        <param index="6">User defined</param>
        <param index="7">User defined</param>
      </entry>
      <entry value="60075" name="MAV_CMD_PRS_SET_TIMEOUT" hasLocation="false" isDestination="false">
        <description>AVSS defined command. Set the timeout between FTS request and deploying the chute.</description>
        <param index="1" label="Timeout" units="ms">User defined</param>
        <param index="2">User defined</param>
        <param index="3">User defined</param>
        <param index="4">User defined</param>
        <param index="5">User defined</param>
        <param index="6">User defined</param>
        <param index="7">User defined</param>
      </entry>
      <entry value="60076" name="MAV_CMD_PRS_GET_TIMEOUT" hasLocation="false" isDestination="false">
        <description>AVSS defined command. Get the timeout between FTS request and deploying the chute.</description>
        <param index="1">User defined</param>
        <param index="2">User defined</param>
        <param index="3">User defined</param>
        <param index="4">User defined</param>
        <param index="5">User defined</param>
        <param index="6">User defined</param>
        <param index="7">User defined</param>
      </entry>
      <entry value="60077" name="MAV_CMD_PRS_SET_FTS_CONNECT" hasLocation="false" isDestination="false">
        <description>AVSS defined command. Set up the PRS to connect to the drone..</description>
        <param index="1">User defined</param>
        <param index="2">User defined</param>
        <param index="3">User defined</param>
        <param index="4">User defined</param>
        <param index="5">User defined</param>
        <param index="6">User defined</param>
        <param index="7">User defined</param>
      </entry>
      <entry value="60078" name="MAV_CMD_PRS_GET_FTS_CONNECT" hasLocation="false" isDestination="false">
        <description>AVSS defined command. Get the connection status of PRS and drone.</description>
        <param index="1">User defined</param>
        <param index="2">User defined</param>
        <param index="3">User defined</param>
        <param index="4">User defined</param>
        <param index="5">User defined</param>
        <param index="6">User defined</param>
        <param index="7">User defined</param>
      </entry>
    </enum>
    <enum name="MAV_AVSS_COMMAND_FAILURE_REASON">
      <entry value="1" name="PRS_NOT_STEADY" hasLocation="false" isDestination="false">
        <description>AVSS defined command failure reason. PRS not steady.</description>
      </entry>
      <entry value="2" name="PRS_DTM_NOT_ARMED" hasLocation="false" isDestination="false">
        <description>AVSS defined command failure reason. PRS DTM not armed.</description>
      </entry>
      <entry value="3" name="PRS_OTM_NOT_ARMED" hasLocation="false" isDestination="false">
        <description>AVSS defined command failure reason. PRS OTM not armed.</description>
      </entry>
    </enum>
  </enums>
  <messages>
    <message id="60050" name="AVSS_PRS_SYS_STATUS">
      <description> AVSS PRS system status.</description>
      <field type="uint8_t" name="arm_status">PRS arm statuses</field>
      <field type="uint16_t" name="battery_status">Estimated battery run-time without a remote connection and PRS battery voltage</field>
      <field type="uint32_t" name="error_status">PRS error statuses</field>
      <field type="uint8_t" name="change_status">PRS battery change statuses</field>
      <field type="uint32_t" name="time_boot_ms">Time since PRS system boot</field>
    </message>
  </messages>
</mavlink>
